ts_kst,asset,key,value,unit,window,change_abs,change_pct,source,quality,url,notes
2026-04-02 07:05,KOSPI,idx,5052.459961,pt,1D,-224.839844,-0.042605,YahooFinance(^KS11),secondary,https://finance.yahoo.com/quote/^KS11,
2026-04-02 07:05,KOSDAQ,idx,1052.390015,pt,1D,-54.660034,-0.049374,YahooFinance(^KQ11),secondary,https://finance.yahoo.com/quote/^KQ11,
2026-04-02 07:05,KOSPI,advance,1948.0,issues,1D,,,naver,secondary,https://finance.naver.com/sise/sise_market_sum.naver,fallback:naver
2026-04-02 07:05,KOSPI,decline,376.0,issues,1D,,,naver,secondary,https://finance.naver.com/sise/sise_market_sum.naver,fallback:naver
2026-04-02 07:05,KOSPI,unchanged,99.0,issues,1D,,,naver,secondary,https://finance.naver.com/sise/sise_market_sum.naver,fallback:naver
2026-04-02 07:05,KOSDAQ,advance,1553.0,issues,1D,,,naver,secondary,https://finance.naver.com/sise/sise_market_sum.naver,fallback:naver
2026-04-02 07:05,KOSDAQ,decline,160.0,issues,1D,,,naver,secondary,https://finance.naver.com/sise/sise_market_sum.naver,fallback:naver
2026-04-02 07:05,KOSDAQ,unchanged,110.0,issues,1D,,,naver,secondary,https://finance.naver.com/sise/sise_market_sum.naver,fallback:naver
2026-04-02 07:05,KOSPI,limit_up,4.0,issues,1D,,,naver,secondary,https://finance.naver.com/sise/sise_market_sum.naver,fallback:naver
2026-04-02 07:05,KOSPI,limit_down,0.0,issues,1D,,,naver,secondary,https://finance.naver.com/sise/sise_market_sum.naver,fallback:naver
2026-04-02 07:05,KOSPI,trin,,ratio,1D,,,KIS,primary,,"range_violation:https://finance.naver.com/sise/sise_market_sum.naver,0.1-10"
2026-04-02 07:05,KOSPI,trading_value,45036000689911.0,KRW,1D,,,naver,secondary,https://finance.naver.com/sise/sise_market_sum.naver,fallback:naver
2026-04-02 07:05,K200,hv30,0.726272,vol,30D,,,YahooFinance(^KS200),secondary,https://finance.yahoo.com/quote/^KS200,
2026-04-02 07:05,ES,basis,0.006377,ratio,1D,,,YahooFinance(ES=F),secondary,https://finance.yahoo.com/quote/ES=F,
2026-04-02 07:05,NQ,basis,0.006963,ratio,1D,,,YahooFinance(NQ=F),secondary,https://finance.yahoo.com/quote/NQ=F,
2026-04-02 07:05,SOX,ret_1w,-0.020764,return,1W,,,YahooFinance(^SOX),secondary,https://finance.yahoo.com/quote/^SOX,
2026-04-02 07:05,SOX,ret_1m,0.004821,return,1M,,,YahooFinance(^SOX),secondary,https://finance.yahoo.com/quote/^SOX,
2026-04-02 07:05,USD/KRW,spot,1512.880005,KRW,1D,-3.25,-0.002144,YahooFinance(KRW=X),secondary,https://finance.yahoo.com/quote/KRW=X,
2026-04-02 07:05,DXY,idx,99.56,idx,1D,,,marketwatch,secondary,https://www.marketwatch.com/investing/index/dxy,fallback:marketwatch
2026-04-02 07:05,UST2Y,yield,3.81,pct,1D,,,treasury,final,https://home.treasury.gov/resource-center/data-chart-center/interest-rates/TextView?type=daily_treasury_yield_curve&field_tdr_date_value=2026,fallback:treasury
2026-04-02 07:05,UST10Y,yield,4.33,pct,1D,,,treasury,final,https://home.treasury.gov/resource-center/data-chart-center/interest-rates/TextView?type=daily_treasury_yield_curve&field_tdr_date_value=2026,fallback:treasury
2026-04-02 07:05,KR3Y,yield,,pct,1D,,,KIS,primary,,"parse_failed:https://www.investing.com/rates-bonds/south-korea-3-year-bond-yield,403 Client Error: Forbidden for url: https://www.investing.com/rates-bonds/south-korea-3-year-bond-yield"
2026-04-02 07:05,KR10Y,yield,,pct,1D,,,KIS,primary,,"parse_failed:https://www.investing.com/rates-bonds/south-korea-10-year-bond-yield,403 Client Error: Forbidden for url: https://www.investing.com/rates-bonds/south-korea-10-year-bond-yield"
2026-04-02 07:05,TIPS10Y,yield,,pct,1D,,,KIS,primary,,"parse_failed:https://fred.stlouisfed.org/graph/fredgraph.csv?id=DFII10,all_sources_failed"
2026-04-02 07:05,2s10s_US,spread,52.0,bp,1D,,,treasury,final,https://home.treasury.gov/resource-center/data-chart-center/interest-rates/TextView?type=daily_treasury_yield_curve&field_tdr_date_value=2026 https://home.treasury.gov/resource-center/data-chart-center/interest-rates/TextView?type=daily_treasury_yield_curve&field_tdr_date_value=2026,ok
2026-04-02 07:05,2s10s_KR,spread,,bp,1D,,,KIS,primary,,upstream_missing:KR10Y|KR3Y
2026-04-02 07:05,WTI,spot,98.879997,USD,1D,-2.5,-0.02466,finance.yahoo.com,secondary,https://finance.yahoo.com/quote/CL=F,
2026-04-02 07:05,Brent,spot,100.529999,USD,1D,-17.82,-0.15057,finance.yahoo.com,secondary,https://finance.yahoo.com/quote/BZ=F,
2026-04-02 07:05,Gold,spot,4789.700195,USD,1D,142.100098,0.030575,finance.yahoo.com,secondary,https://finance.yahoo.com/quote/GC=F,
2026-04-02 07:05,Copper,spot,5.6205,USD,1D,0.033,0.005906,finance.yahoo.com,secondary,https://finance.yahoo.com/quote/HG=F,
2026-04-02 07:05,BTC,spot,68200.445312,USD,1D,-32.867188,-0.000482,finance.yahoo.com,secondary,https://finance.yahoo.com/quote/BTC-USD,
2026-04-02 07:05,BTC,corr20,0.699511,corr,20D,,,YahooFinance(NQ=F)+finance.yahoo.com,secondary,https://finance.yahoo.com/quote/BTC-USD https://finance.yahoo.com/quote/NQ=F,
2026-04-02 07:12:18,VIX,spot,24.540000915527344,pt,1D,,,yfinance,secondary,https://finance.yahoo.com/quote/%5EVIX,
